Designator,Footprint,Quantity,Value,LCSC Part #,Price
U10,Package_SO:SSOP-20_3.9x8.7mm_P0.635mm,,FT231XS,C132160,$3.1015 
U9,Package_SO:HVSSOP-8-1EP_3x3mm_P0.65mm_EP1.57x1.89mm_ThermalVias,,CAT24C128,C146751,$1.4089 
U8,Sensor:MQ-6,,SGP30-2.5k,C514454,$6.8031 
U7,Package_SO:VSSOP-8_2.3x2mm_P0.5mm,,74LVC2T45DC,C22672,$0.4700 
U6,Package_TO_SOT_SMD:SOT-223,,AMS1117-3.3,C347222,$0.0378 
U5,Package_TO_SOT_SMD:SOT-223,,AMS1117-1.8,C347220,$0.0878 
U4,Package_TO_SOT_SMD:SOT-23-6,,FS8205A,C2830320,$0.0605 
U3,Package_TO_SOT_SMD:SOT-23-6_Handsoldering,,DW01A,C2927799,$0.0408 
U2,Package_SO:SOP-8-1EP_4.57x4.57mm_P1.27mm_EP4.57x4.45mm,,TP4056,C725790,$0.0897 
U1,Package_TO_SOT_SMD:SOT-23,,TL432DBZ,C171428,$0.0540 
R24,Resistor_SMD:R_0603_1608Metric,,10k,C149849,$0.0111 
R23,Resistor_SMD:R_0603_1608Metric,,10k,C149849,$0.0111 
R22,Resistor_SMD:R_0805_2012Metric_Pad1.20x1.40mm_HandSolder,,680,C149641,$0.0038 
R21,Resistor_SMD:R_0805_2012Metric_Pad1.20x1.40mm_HandSolder,,7.5k,C328407,$0.0084 
R20,Resistor_THT:R_Box_L8.4mm_W2.5mm_P5.08mm,,1k,C173143,$0.0242 
R19,Resistor_SMD:R_0402_1005Metric_Pad0.72x0.64mm_HandSolder,,22k,C11299,$0.0011 
R18,Resistor_THT:R_Box_L8.4mm_W2.5mm_P5.08mm,,1k,C173143,$0.0242 
R17,Resistor_THT:R_Box_L8.4mm_W2.5mm_P5.08mm,,1k,C173143,$0.0242 
R16,Resistor_SMD:R_0402_1005Metric_Pad0.72x0.64mm_HandSolder,,22k,C11299,$0.0011 
R15,Resistor_THT:R_Box_L8.4mm_W2.5mm_P5.08mm,,1k,C173143,$0.0242 
R14,Resistor_THT:R_Box_L8.4mm_W2.5mm_P5.08mm,,1k,C173143,$0.0242 
R13,Resistor_THT:R_Box_L8.4mm_W2.5mm_P5.08mm,,1k,C173143,$0.0242 
R12,Resistor_THT:R_Box_L8.4mm_W2.5mm_P5.08mm,,1k,C173143,$0.0242 
R11,OptoDevice:R_LDR_5.0x4.1mm_P3mm_Vertical,,GL5516, C11299,$0.0242 
R10,Resistor_THT:R_Box_L8.4mm_W2.5mm_P5.08mm,,10k,C173139,$0.0195 
R9,Resistor_SMD:R_0603_1608Metric_Pad0.98x0.95mm_HandSolder,,1k,C105879,$0.0010 
R8,Resistor_SMD:R_0402_1005Metric_Pad0.72x0.64mm_HandSolder,,100,C153111,$0.0026 
R7,Resistor_THT:R_Box_L8.4mm_W2.5mm_P5.08mm,,1k,C173143,$0.0242 
R6,Resistor_SMD:R_0805_2012Metric_Pad1.20x1.40mm_HandSolder,,1.2k,C103956,$0.0021 
R5,Resistor_THT:R_Box_L8.4mm_W2.5mm_P5.08mm,,1k,C173143,$0.0242 
R4,Resistor_THT:R_Box_L8.4mm_W2.5mm_P5.08mm,,1k,C173143,$0.0242 
R3,Resistor_SMD:R_0402_1005Metric_Pad0.72x0.64mm_HandSolder,,4.7k,C105871,$0.0007 
R2,Resistor_THT:R_Box_L8.4mm_W2.5mm_P5.08mm,,1k,C173143,$0.0242 
R1,Resistor_THT:R_Box_L8.4mm_W2.5mm_P5.08mm,,180k,C176626,$0.0206 
Q3,Package_TO_SOT_THT:TO-92L_Inline,,Q_PNP_BCE,C118537,$0.0147 
Q2,Package_TO_SOT_THT:TO-220-3_Vertical,,Q_Dual_NMOS_G1S2G2D2S1D1,C2664,$1.0400 
Q1,Package_TO_SOT_THT:TO-220-3_Vertical,,2N7002,C916396,$0.0136 
LI-Ion_BAT1,Battery:BatteryHolder_Keystone_1042_1x18650,,Battery,C238063,$3.3930 
LED-Red1,LED_SMD:LED_0603_1608Metric_Pad1.05x0.95mm_HandSolder,,LED,C2286,$0.0054 
LED-Blue1,LED_SMD:LED_0603_1608Metric_Pad1.05x0.95mm_HandSolder,,LED,C72041,$0.0179 
J8,Connector_USB:USB_Micro-B_Molex-105017-0001,,USB_B_Micro,C404969,$0.0333 
J6,Connector_PinHeader_2.54mm:PinHeader_1x24_P2.54mm_Vertical,,Conn_01x24_Socket,C725956,$0.4279 
J5,Connector_PinHeader_2.54mm:PinHeader_1x10_P2.54mm_Vertical,,Conn_01x10,C57369,$0.0425 
J4,Connector_PinHeader_2.54mm:PinHeader_1x03_P2.54mm_Vertical,,Conn_01x03_Pin,C5116482,$0.0518 
J3,Connector_PinHeader_2.54mm:PinHeader_1x03_P2.54mm_Vertical,,Conn_01x03_Pin,C5116482,$0.0518 
J2,Connector_PinHeader_2.54mm:PinHeader_1x04_P2.54mm_Vertical,,Conn_01x04_Pin,C2691448,$0.0217 
J1,Connector_PinHeader_2.54mm:PinHeader_1x24_P2.54mm_Vertical,,Conn_01x24_Socket,C725956,$0.4279 
D9,Diode_SMD:D_SOD-323_HandSoldering,,BZV55B3V3,C545375,$0.0300 
D8,Diode_THT:D_DO-35_SOD27_P7.62mm_Horizontal,,1N4148,C14516,$0.0069 
D7,LED_SMD:LED_0603_1608Metric_Pad1.05x0.95mm_HandSolder,,LED,C72041,$0.0179 
D6,LED_SMD:LED_0402_1005Metric_Pad0.77x0.64mm_HandSolder,,LED,C130719,$0.0361 
D5,LED_SMD:LED_0805_2012Metric_Pad1.15x1.40mm_HandSolder,,LED,C434432,$0.0133 
D4,LED_SMD:LED_0603_1608Metric_Pad1.05x0.95mm_HandSolder,,LED,C2690338,$0.0652 
D3,LED_SMD:LED_0603_1608Metric_Pad1.05x0.95mm_HandSolder,,LED,C2286,$0.0054 
D2,LED_SMD:LED_0603_1608Metric_Pad1.05x0.95mm_HandSolder,,KT-0603R,C2286,$0.0054 
D1,Diode_THT:D_DO-35_SOD27_P7.62mm_Horizontal,,1N4148,C402212,$0.0100 
C13,Capacitor_Tantalum_SMD:CP_EIA-3216-18_Kemet-A,,100nF,C122257,$0.1591 
C12,Capacitor_Tantalum_SMD:CP_EIA-3216-18_Kemet-A,,100nF,C122257,$0.1591 
C11,Capacitor_Tantalum_SMD:CP_EIA-3216-18_Kemet-A,,100nF,C122257,$0.1591 
C10,Capacitor_Tantalum_SMD:CP_EIA-3216-18_Kemet-A,,100nF,C122257,$0.1591 
C9,Capacitor_Tantalum_SMD:CP_EIA-3216-18_Kemet-A,,100nF,C122257,$0.1591 
C7,Capacitor_SMD:C_0805_2012Metric_Pad1.18x1.45mm_HandSolder,,10u,C83061,$0.1200 
C6,Capacitor_SMD:C_0805_2012Metric_Pad1.18x1.45mm_HandSolder,,10u,C83061,$0.1200 
C4,Capacitor_SMD:C_0805_2012Metric_Pad1.18x1.45mm_HandSolder,,22u,C76637,$0.1925 
C3,Capacitor_SMD:C_0805_2012Metric_Pad1.18x1.45mm_HandSolder,,10u,C83061,$0.1200 
C2,Capacitor_SMD:C_0805_2012Metric_Pad1.18x1.45mm_HandSolder,,10u,C83061,$0.1200 
C1,Capacitor_SMD:C_0805_2012Metric_Pad1.18x1.45mm_HandSolder,,10u,C83061,$0.1200 
