<?xml version="1.0" encoding="UTF-8"?>
<export version="E">
  <design>
    <source>C:\Users\Nefthali Motonosi\Downloads\Power design prop\Power design prop.kicad_sch</source>
    <date>13-Mar-23 1:08:27 PM</date>
    <tool>Eeschema (7.0.0)</tool>
    <sheet number="1" name="/" tstamps="/">
      <title_block>
        <title>Power Submodule</title>
        <company>EEE3088F</company>
        <rev>v2</rev>
        <date>2023-03-13</date>
        <source>Power design prop.kicad_sch</source>
        <comment number="1" value="University of Cape Town"/>
        <comment number="2" value="Mr Nkhatho Motonosi"/>
        <comment number="3" value=""/>
        <comment number="4" value=""/>
        <comment number="5" value=""/>
        <comment number="6" value=""/>
        <comment number="7" value=""/>
        <comment number="8" value=""/>
        <comment number="9" value=""/>
      </title_block>
    </sheet>
  </design>
  <components>
    <comp ref="C1">
      <value>10u</value>
      <footprint>6.3V 10uF X5R ±20% 0402  Multilayer Ceramic Capacitors MLCC - SMD/SMT ROHS</footprint>
      <libsource lib="Device" part="C" description="Unpolarized capacitor"/>
      <property name="Sheetname" value=""/>
      <property name="Sheetfile" value="C:/Users/Nefthali Motonosi/Downloads/Power design prop/Power design prop.sch"/>
      <property name="ki_description" value="Unpolarized capacitor"/>
      <property name="ki_keywords" value="cap capacitor"/>
      <sheetpath names="/" tstamps="/"/>
      <tstamps>8a131836-66a7-4ecd-a2eb-e458d3391c6b</tstamps>
    </comp>
    <comp ref="C2">
      <value>10u</value>
      <footprint>6.3V 10uF X5R ±20% 0402  Multilayer Ceramic Capacitors MLCC - SMD/SMT ROHS</footprint>
      <libsource lib="Device" part="C" description="Unpolarized capacitor"/>
      <property name="Sheetname" value=""/>
      <property name="Sheetfile" value="C:/Users/Nefthali Motonosi/Downloads/Power design prop/Power design prop.sch"/>
      <property name="ki_description" value="Unpolarized capacitor"/>
      <property name="ki_keywords" value="cap capacitor"/>
      <sheetpath names="/" tstamps="/"/>
      <tstamps>bd722fd4-c491-4554-ae87-618b7f7331a3</tstamps>
    </comp>
    <comp ref="C3">
      <value>10u</value>
      <footprint>6.3V 10uF X5R ±20% 0402  Multilayer Ceramic Capacitors MLCC - SMD/SMT ROHS</footprint>
      <libsource lib="Device" part="C" description="Unpolarized capacitor"/>
      <property name="Sheetname" value=""/>
      <property name="Sheetfile" value="C:/Users/Nefthali Motonosi/Downloads/Power design prop/Power design prop.sch"/>
      <property name="ki_description" value="Unpolarized capacitor"/>
      <property name="ki_keywords" value="cap capacitor"/>
      <sheetpath names="/" tstamps="/"/>
      <tstamps>54738836-8ef4-4eaf-ac1d-665e26b2d251</tstamps>
    </comp>
    <comp ref="C4">
      <value>10u</value>
      <footprint>6.3V 10uF X5R ±20% 0402  Multilayer Ceramic Capacitors MLCC - SMD/SMT ROHS</footprint>
      <libsource lib="Device" part="C" description="Unpolarized capacitor"/>
      <property name="Sheetname" value=""/>
      <property name="Sheetfile" value="C:/Users/Nefthali Motonosi/Downloads/Power design prop/Power design prop.sch"/>
      <property name="ki_description" value="Unpolarized capacitor"/>
      <property name="ki_keywords" value="cap capacitor"/>
      <sheetpath names="/" tstamps="/"/>
      <tstamps>b1506bf2-f76f-4bc8-aa43-523073a4ac0f</tstamps>
    </comp>
    <comp ref="C5">
      <value>10u</value>
      <footprint>6.3V 10uF X5R ±20% 0402  Multilayer Ceramic Capacitors MLCC - SMD/SMT ROHS</footprint>
      <libsource lib="Device" part="C" description="Unpolarized capacitor"/>
      <property name="Sheetname" value=""/>
      <property name="Sheetfile" value="C:/Users/Nefthali Motonosi/Downloads/Power design prop/Power design prop.sch"/>
      <property name="ki_description" value="Unpolarized capacitor"/>
      <property name="ki_keywords" value="cap capacitor"/>
      <sheetpath names="/" tstamps="/"/>
      <tstamps>00000000-0000-0000-0000-0000643ca8a5</tstamps>
    </comp>
    <comp ref="C6">
      <value>22u</value>
      <libsource lib="Device" part="C" description="Unpolarized capacitor"/>
      <property name="Sheetname" value=""/>
      <property name="Sheetfile" value="C:/Users/Nefthali Motonosi/Downloads/Power design prop/Power design prop.sch"/>
      <property name="ki_description" value="Unpolarized capacitor"/>
      <property name="ki_keywords" value="cap capacitor"/>
      <sheetpath names="/" tstamps="/"/>
      <tstamps>00830288-c616-4395-affa-a5579bcd6280</tstamps>
    </comp>
    <comp ref="C7">
      <value>10u</value>
      <footprint>6.3V 10uF X5R ±20% 0402  Multilayer Ceramic Capacitors MLCC - SMD/SMT ROHS</footprint>
      <libsource lib="Device" part="C" description="Unpolarized capacitor"/>
      <property name="Sheetname" value=""/>
      <property name="Sheetfile" value="C:/Users/Nefthali Motonosi/Downloads/Power design prop/Power design prop.sch"/>
      <property name="ki_description" value="Unpolarized capacitor"/>
      <property name="ki_keywords" value="cap capacitor"/>
      <sheetpath names="/" tstamps="/"/>
      <tstamps>a37cbb9b-f62d-43d8-a718-2876a3bd9ba1</tstamps>
    </comp>
    <comp ref="C8">
      <value>22u</value>
      <libsource lib="Device" part="C" description="Unpolarized capacitor"/>
      <property name="Sheetname" value=""/>
      <property name="Sheetfile" value="C:/Users/Nefthali Motonosi/Downloads/Power design prop/Power design prop.sch"/>
      <property name="ki_description" value="Unpolarized capacitor"/>
      <property name="ki_keywords" value="cap capacitor"/>
      <sheetpath names="/" tstamps="/"/>
      <tstamps>cef34890-3693-4fd6-b57e-43cc2c0929a2</tstamps>
    </comp>
    <comp ref="D1">
      <value>1N4151</value>
      <footprint>Diode_THT:D_DO-35_SOD27_P7.62mm_Horizontal</footprint>
      <datasheet>http://www.microsemi.com/document-portal/doc_view/11580-lds-0239</datasheet>
      <fields>
        <field name="Sim.Device">D</field>
        <field name="Sim.Pins">1=K 2=A</field>
      </fields>
      <libsource lib="Diode" part="1N4151" description="75V 0.5A standard switching diode, DO-35"/>
      <property name="Sim.Device" value="D"/>
      <property name="Sim.Pins" value="1=K 2=A"/>
      <property name="Sheetname" value=""/>
      <property name="Sheetfile" value="C:/Users/Nefthali Motonosi/Downloads/Power design prop/Power design prop.sch"/>
      <property name="ki_description" value="75V 0.5A standard switching diode, DO-35"/>
      <property name="ki_keywords" value="diode"/>
      <sheetpath names="/" tstamps="/"/>
      <tstamps>0dd8f460-7042-4098-bb01-02afcb2a4150</tstamps>
    </comp>
    <comp ref="D2">
      <value>LED</value>
      <libsource lib="Device" part="LED" description="Light emitting diode"/>
      <property name="Sheetname" value=""/>
      <property name="Sheetfile" value="C:/Users/Nefthali Motonosi/Downloads/Power design prop/Power design prop.sch"/>
      <property name="ki_description" value="Light emitting diode"/>
      <property name="ki_keywords" value="LED diode"/>
      <sheetpath names="/" tstamps="/"/>
      <tstamps>00000000-0000-0000-0000-00006441cbb6</tstamps>
    </comp>
    <comp ref="J1">
      <value>Conn_01x04_Pin</value>
      <libsource lib="Connector" part="Conn_01x04_Pin" description="Generic connector, single row, 01x04, script generated"/>
      <property name="Sheetname" value=""/>
      <property name="Sheetfile" value="C:/Users/Nefthali Motonosi/Downloads/Power design prop/Power design prop.sch"/>
      <property name="ki_description" value="Generic connector, single row, 01x04, script generated"/>
      <property name="ki_keywords" value="connector"/>
      <sheetpath names="/" tstamps="/"/>
      <tstamps>372f7697-23e9-4991-811b-4f3297901135</tstamps>
    </comp>
    <comp ref="J2">
      <value>~</value>
      <libsource lib="Add_USB1" part="MICROXNJ" description=""/>
      <property name="Sheetname" value=""/>
      <property name="Sheetfile" value="C:/Users/Nefthali Motonosi/Downloads/Power design prop/Power design prop.sch"/>
      <sheetpath names="/" tstamps="/"/>
      <tstamps>5f0fe475-6258-46ac-8ff8-f346e87f34fc</tstamps>
    </comp>
    <comp ref="J3">
      <value>Conn_01x03_Pin</value>
      <libsource lib="Connector" part="Conn_01x03_Pin" description="Generic connector, single row, 01x03, script generated"/>
      <property name="Sheetname" value=""/>
      <property name="Sheetfile" value="C:/Users/Nefthali Motonosi/Downloads/Power design prop/Power design prop.sch"/>
      <property name="ki_description" value="Generic connector, single row, 01x03, script generated"/>
      <property name="ki_keywords" value="connector"/>
      <sheetpath names="/" tstamps="/"/>
      <tstamps>01727d28-e788-4c76-bac2-a00b60fac5c9</tstamps>
    </comp>
    <comp ref="LED-Green1">
      <value>LED</value>
      <libsource lib="Device" part="LED" description="Light emitting diode"/>
      <property name="Sheetname" value=""/>
      <property name="Sheetfile" value="C:/Users/Nefthali Motonosi/Downloads/Power design prop/Power design prop.sch"/>
      <property name="ki_description" value="Light emitting diode"/>
      <property name="ki_keywords" value="LED diode"/>
      <sheetpath names="/" tstamps="/"/>
      <tstamps>00000000-0000-0000-0000-0000640643f1</tstamps>
    </comp>
    <comp ref="LED-Red1">
      <value>LED</value>
      <libsource lib="Device" part="LED" description="Light emitting diode"/>
      <property name="Sheetname" value=""/>
      <property name="Sheetfile" value="C:/Users/Nefthali Motonosi/Downloads/Power design prop/Power design prop.sch"/>
      <property name="ki_description" value="Light emitting diode"/>
      <property name="ki_keywords" value="LED diode"/>
      <sheetpath names="/" tstamps="/"/>
      <tstamps>00000000-0000-0000-0000-00006406304d</tstamps>
    </comp>
    <comp ref="LI-Ion_BAT1">
      <value>Battery</value>
      <libsource lib="Device" part="Battery" description="Multiple-cell battery"/>
      <property name="Sheetname" value=""/>
      <property name="Sheetfile" value="C:/Users/Nefthali Motonosi/Downloads/Power design prop/Power design prop.sch"/>
      <property name="ki_description" value="Multiple-cell battery"/>
      <property name="ki_keywords" value="batt voltage-source cell"/>
      <sheetpath names="/" tstamps="/"/>
      <tstamps>403edc15-955f-445c-898a-9d59b80512f2</tstamps>
    </comp>
    <comp ref="Q1">
      <value>FQP27P06</value>
      <footprint>Package_TO_SOT_THT:TO-220-3_Vertical</footprint>
      <datasheet>https://www.onsemi.com/pub/Collateral/FQP27P06-D.PDF</datasheet>
      <libsource lib="Transistor_FET" part="FQP27P06" description="-27A Id, -60V Vds, QFET P-Channel MOSFET, TO-220"/>
      <property name="Sheetname" value=""/>
      <property name="Sheetfile" value="C:/Users/Nefthali Motonosi/Downloads/Power design prop/Power design prop.sch"/>
      <property name="ki_description" value="-27A Id, -60V Vds, QFET P-Channel MOSFET, TO-220"/>
      <property name="ki_keywords" value="QFET P-Channel MOSFET"/>
      <sheetpath names="/" tstamps="/"/>
      <tstamps>5335f22a-b20b-4124-9eaf-d0a696284df1</tstamps>
    </comp>
    <comp ref="R1">
      <value>1.2k</value>
      <libsource lib="Device" part="R_Small_US" description="Resistor, small US symbol"/>
      <property name="Sheetname" value=""/>
      <property name="Sheetfile" value="C:/Users/Nefthali Motonosi/Downloads/Power design prop/Power design prop.sch"/>
      <property name="ki_description" value="Resistor, small US symbol"/>
      <property name="ki_keywords" value="r resistor"/>
      <sheetpath names="/" tstamps="/"/>
      <tstamps>41aad4e0-98e4-4afa-b201-27569ae08405</tstamps>
    </comp>
    <comp ref="R2">
      <value>100</value>
      <libsource lib="Device" part="R_Small_US" description="Resistor, small US symbol"/>
      <property name="Sheetname" value=""/>
      <property name="Sheetfile" value="C:/Users/Nefthali Motonosi/Downloads/Power design prop/Power design prop.sch"/>
      <property name="ki_description" value="Resistor, small US symbol"/>
      <property name="ki_keywords" value="r resistor"/>
      <sheetpath names="/" tstamps="/"/>
      <tstamps>a89fd083-9a34-49a7-a5ce-9f4f1a83063b</tstamps>
    </comp>
    <comp ref="R3">
      <value>1k</value>
      <libsource lib="Device" part="R_Small_US" description="Resistor, small US symbol"/>
      <property name="Sheetname" value=""/>
      <property name="Sheetfile" value="C:/Users/Nefthali Motonosi/Downloads/Power design prop/Power design prop.sch"/>
      <property name="ki_description" value="Resistor, small US symbol"/>
      <property name="ki_keywords" value="r resistor"/>
      <sheetpath names="/" tstamps="/"/>
      <tstamps>04e5c86c-2f3f-4b97-afeb-46d9ccc6441b</tstamps>
    </comp>
    <comp ref="R4">
      <value>1K</value>
      <libsource lib="Device" part="R_Small_US" description="Resistor, small US symbol"/>
      <property name="Sheetname" value=""/>
      <property name="Sheetfile" value="C:/Users/Nefthali Motonosi/Downloads/Power design prop/Power design prop.sch"/>
      <property name="ki_description" value="Resistor, small US symbol"/>
      <property name="ki_keywords" value="r resistor"/>
      <sheetpath names="/" tstamps="/"/>
      <tstamps>00000000-0000-0000-0000-000064308dd3</tstamps>
    </comp>
    <comp ref="R5">
      <value>1k</value>
      <libsource lib="Device" part="R_Small_US" description="Resistor, small US symbol"/>
      <property name="Sheetname" value=""/>
      <property name="Sheetfile" value="C:/Users/Nefthali Motonosi/Downloads/Power design prop/Power design prop.sch"/>
      <property name="ki_description" value="Resistor, small US symbol"/>
      <property name="ki_keywords" value="r resistor"/>
      <sheetpath names="/" tstamps="/"/>
      <tstamps>00000000-0000-0000-0000-00006430960d</tstamps>
    </comp>
    <comp ref="R6">
      <value>330</value>
      <libsource lib="Device" part="R_Small_US" description="Resistor, small US symbol"/>
      <property name="Sheetname" value=""/>
      <property name="Sheetfile" value="C:/Users/Nefthali Motonosi/Downloads/Power design prop/Power design prop.sch"/>
      <property name="ki_description" value="Resistor, small US symbol"/>
      <property name="ki_keywords" value="r resistor"/>
      <sheetpath names="/" tstamps="/"/>
      <tstamps>00000000-0000-0000-0000-0000643cf142</tstamps>
    </comp>
    <comp ref="R7">
      <value>180k</value>
      <libsource lib="Device" part="R_Small_US" description="Resistor, small US symbol"/>
      <property name="Sheetname" value=""/>
      <property name="Sheetfile" value="C:/Users/Nefthali Motonosi/Downloads/Power design prop/Power design prop.sch"/>
      <property name="ki_description" value="Resistor, small US symbol"/>
      <property name="ki_keywords" value="r resistor"/>
      <sheetpath names="/" tstamps="/"/>
      <tstamps>b9e36271-40f3-45a2-a277-dbe67285585c</tstamps>
    </comp>
    <comp ref="R8">
      <value>4.7k</value>
      <libsource lib="Device" part="R_Small_US" description="Resistor, small US symbol"/>
      <property name="Sheetname" value=""/>
      <property name="Sheetfile" value="C:/Users/Nefthali Motonosi/Downloads/Power design prop/Power design prop.sch"/>
      <property name="ki_description" value="Resistor, small US symbol"/>
      <property name="ki_keywords" value="r resistor"/>
      <sheetpath names="/" tstamps="/"/>
      <tstamps>fe93f397-76f2-4c55-859f-bfa72b55dbef</tstamps>
    </comp>
    <comp ref="R9">
      <value>1K</value>
      <libsource lib="Device" part="R_Small_US" description="Resistor, small US symbol"/>
      <property name="Sheetname" value=""/>
      <property name="Sheetfile" value="C:/Users/Nefthali Motonosi/Downloads/Power design prop/Power design prop.sch"/>
      <property name="ki_description" value="Resistor, small US symbol"/>
      <property name="ki_keywords" value="r resistor"/>
      <sheetpath names="/" tstamps="/"/>
      <tstamps>29f1978c-cc13-4c57-9497-959b706a3650</tstamps>
    </comp>
    <comp ref="TP1">
      <value>~</value>
      <libsource lib="Connector" part="TestPoint" description="test point"/>
      <property name="Sheetname" value=""/>
      <property name="Sheetfile" value="C:/Users/Nefthali Motonosi/Downloads/Power design prop/Power design prop.sch"/>
      <property name="ki_description" value="test point"/>
      <property name="ki_keywords" value="test point tp"/>
      <sheetpath names="/" tstamps="/"/>
      <tstamps>c7cee68c-f612-44fc-9880-d48911881dc4</tstamps>
    </comp>
    <comp ref="TP2">
      <value>TestPoint</value>
      <libsource lib="Connector" part="TestPoint" description="test point"/>
      <property name="Sheetname" value=""/>
      <property name="Sheetfile" value="C:/Users/Nefthali Motonosi/Downloads/Power design prop/Power design prop.sch"/>
      <property name="ki_description" value="test point"/>
      <property name="ki_keywords" value="test point tp"/>
      <sheetpath names="/" tstamps="/"/>
      <tstamps>2454cc04-c197-4330-b54a-63ff0b4f7654</tstamps>
    </comp>
    <comp ref="TP3">
      <value>~</value>
      <libsource lib="Connector" part="TestPoint" description="test point"/>
      <property name="Sheetname" value=""/>
      <property name="Sheetfile" value="C:/Users/Nefthali Motonosi/Downloads/Power design prop/Power design prop.sch"/>
      <property name="ki_description" value="test point"/>
      <property name="ki_keywords" value="test point tp"/>
      <sheetpath names="/" tstamps="/"/>
      <tstamps>243fde94-399d-44d4-bfd2-d74cddd6b838</tstamps>
    </comp>
    <comp ref="TP4">
      <value>TestPoint</value>
      <libsource lib="Connector" part="TestPoint" description="test point"/>
      <property name="Sheetname" value=""/>
      <property name="Sheetfile" value="C:/Users/Nefthali Motonosi/Downloads/Power design prop/Power design prop.sch"/>
      <property name="ki_description" value="test point"/>
      <property name="ki_keywords" value="test point tp"/>
      <sheetpath names="/" tstamps="/"/>
      <tstamps>4259ac9c-266c-4862-86da-b0b464fefa93</tstamps>
    </comp>
    <comp ref="TP5">
      <value>5V</value>
      <libsource lib="Connector" part="TestPoint" description="test point"/>
      <property name="Sheetname" value=""/>
      <property name="Sheetfile" value="C:/Users/Nefthali Motonosi/Downloads/Power design prop/Power design prop.sch"/>
      <property name="ki_description" value="test point"/>
      <property name="ki_keywords" value="test point tp"/>
      <sheetpath names="/" tstamps="/"/>
      <tstamps>decc4dd3-216b-43a2-bd0d-b5f05130e983</tstamps>
    </comp>
    <comp ref="TP6">
      <value>GND</value>
      <libsource lib="Connector" part="TestPoint" description="test point"/>
      <property name="Sheetname" value=""/>
      <property name="Sheetfile" value="C:/Users/Nefthali Motonosi/Downloads/Power design prop/Power design prop.sch"/>
      <property name="ki_description" value="test point"/>
      <property name="ki_keywords" value="test point tp"/>
      <sheetpath names="/" tstamps="/"/>
      <tstamps>3e6c6308-0b39-4f59-a88c-9ef3a25cb63a</tstamps>
    </comp>
    <comp ref="TP7">
      <value>TestPoint</value>
      <libsource lib="Connector" part="TestPoint" description="test point"/>
      <property name="Sheetname" value=""/>
      <property name="Sheetfile" value="C:/Users/Nefthali Motonosi/Downloads/Power design prop/Power design prop.sch"/>
      <property name="ki_description" value="test point"/>
      <property name="ki_keywords" value="test point tp"/>
      <sheetpath names="/" tstamps="/"/>
      <tstamps>c3a458ed-864a-4bf8-a82b-2abcc43ad348</tstamps>
    </comp>
    <comp ref="U1">
      <value>~</value>
      <libsource lib="TP4056A" part="TP4056A" description=""/>
      <property name="Sheetname" value=""/>
      <property name="Sheetfile" value="C:/Users/Nefthali Motonosi/Downloads/Power design prop/Power design prop.sch"/>
      <sheetpath names="/" tstamps="/"/>
      <tstamps>dbc228fe-4411-479c-85d8-aee77aa1b8fe</tstamps>
    </comp>
    <comp ref="U2">
      <value>DW01A</value>
      <libsource lib="dw01a" part="DW01A" description=""/>
      <property name="Sheetname" value=""/>
      <property name="Sheetfile" value="C:/Users/Nefthali Motonosi/Downloads/Power design prop/Power design prop.sch"/>
      <sheetpath names="/" tstamps="/"/>
      <tstamps>981884c2-120d-4a06-9b85-6d91653f0801</tstamps>
    </comp>
    <comp ref="U3">
      <value>~</value>
      <libsource lib="FS8205A" part="FS8205A" description=""/>
      <property name="Sheetname" value=""/>
      <property name="Sheetfile" value="C:/Users/Nefthali Motonosi/Downloads/Power design prop/Power design prop.sch"/>
      <sheetpath names="/" tstamps="/"/>
      <tstamps>4fbfde36-e9bc-4b53-82d6-ad8761ba8992</tstamps>
    </comp>
    <comp ref="U4">
      <value>AMS1117-3.3</value>
      <footprint>Package_TO_SOT_SMD:SOT-223-3_TabPin2</footprint>
      <datasheet>http://www.advanced-monolithic.com/pdf/ds1117.pdf</datasheet>
      <libsource lib="Regulator_Linear" part="AMS1117-3.3" description="1A Low Dropout regulator, positive, 3.3V fixed output, SOT-223"/>
      <property name="Sheetname" value=""/>
      <property name="Sheetfile" value="C:/Users/Nefthali Motonosi/Downloads/Power design prop/Power design prop.sch"/>
      <property name="ki_description" value="1A Low Dropout regulator, positive, 3.3V fixed output, SOT-223"/>
      <property name="ki_keywords" value="linear regulator ldo fixed positive"/>
      <sheetpath names="/" tstamps="/"/>
      <tstamps>00000000-0000-0000-0000-0000643c8989</tstamps>
    </comp>
    <comp ref="U5">
      <value>TL431D</value>
      <footprint>Package_SO:SOIC-8_3.9x4.9mm_P1.27mm</footprint>
      <datasheet>http://www.ti.com/lit/ds/symlink/tl431.pdf</datasheet>
      <libsource lib="Reference_Voltage" part="TL431D" description="Shunt Regulator, SO-8"/>
      <property name="Sheetname" value=""/>
      <property name="Sheetfile" value="C:/Users/Nefthali Motonosi/Downloads/Power design prop/Power design prop.sch"/>
      <property name="ki_description" value="Shunt Regulator, SO-8"/>
      <property name="ki_keywords" value="diode device shunt regulator"/>
      <sheetpath names="/" tstamps="/"/>
      <tstamps>f2e0130d-9b44-4d0c-b4cf-ffaa3cfadca5</tstamps>
    </comp>
    <comp ref="U6">
      <value>AMS1117-1.8</value>
      <footprint>Package_TO_SOT_SMD:SOT-223-3_TabPin2</footprint>
      <datasheet>http://www.advanced-monolithic.com/pdf/ds1117.pdf</datasheet>
      <libsource lib="Regulator_Linear" part="AMS1117-1.8" description="1A Low Dropout regulator, positive, 1.8V fixed output, SOT-223"/>
      <property name="Sheetname" value=""/>
      <property name="Sheetfile" value="C:/Users/Nefthali Motonosi/Downloads/Power design prop/Power design prop.sch"/>
      <property name="ki_description" value="1A Low Dropout regulator, positive, 1.8V fixed output, SOT-223"/>
      <property name="ki_keywords" value="linear regulator ldo fixed positive"/>
      <sheetpath names="/" tstamps="/"/>
      <tstamps>376f6a63-486d-472f-a410-65ce947f340b</tstamps>
    </comp>
    <comp ref="U7">
      <value>AMS1117-1.8</value>
      <footprint>Package_TO_SOT_SMD:SOT-223-3_TabPin2</footprint>
      <datasheet>http://www.advanced-monolithic.com/pdf/ds1117.pdf</datasheet>
      <libsource lib="Regulator_Linear" part="AMS1117-1.8" description="1A Low Dropout regulator, positive, 1.8V fixed output, SOT-223"/>
      <property name="Sheetname" value=""/>
      <property name="Sheetfile" value="C:/Users/Nefthali Motonosi/Downloads/Power design prop/Power design prop.sch"/>
      <property name="ki_description" value="1A Low Dropout regulator, positive, 1.8V fixed output, SOT-223"/>
      <property name="ki_keywords" value="linear regulator ldo fixed positive"/>
      <sheetpath names="/" tstamps="/"/>
      <tstamps>7d4a8390-a6af-497b-801d-ef0fe5dc7d9d</tstamps>
    </comp>
  </components>
  <libparts>
    <libpart lib="Add_USB1" part="MICROXNJ">
      <fields>
        <field name="Reference">J</field>
      </fields>
      <pins>
        <pin num="1" name="VBUS" type="power_out"/>
        <pin num="2" name="D-" type="bidirectional"/>
        <pin num="3" name="D+" type="bidirectional"/>
        <pin num="4" name="ID" type="passive"/>
        <pin num="5" name="GND" type="power_out"/>
        <pin num="6" name="SH1" type="passive"/>
        <pin num="7" name="SH2" type="passive"/>
        <pin num="8" name="SH3" type="passive"/>
        <pin num="9" name="SH4" type="passive"/>
      </pins>
    </libpart>
    <libpart lib="Connector" part="Conn_01x03_Pin">
      <description>Generic connector, single row, 01x03, script generated</description>
      <docs>~</docs>
      <footprints>
        <fp>Connector*:*_1x??_*</fp>
      </footprints>
      <fields>
        <field name="Reference">J</field>
        <field name="Value">Conn_01x03_Pin</field>
        <field name="Datasheet">~</field>
      </fields>
      <pins>
        <pin num="1" name="Pin_1" type="passive"/>
        <pin num="2" name="Pin_2" type="passive"/>
        <pin num="3" name="Pin_3" type="passive"/>
      </pins>
    </libpart>
    <libpart lib="Connector" part="Conn_01x04_Pin">
      <description>Generic connector, single row, 01x04, script generated</description>
      <docs>~</docs>
      <footprints>
        <fp>Connector*:*_1x??_*</fp>
      </footprints>
      <fields>
        <field name="Reference">J</field>
        <field name="Value">Conn_01x04_Pin</field>
        <field name="Datasheet">~</field>
      </fields>
      <pins>
        <pin num="1" name="Pin_1" type="passive"/>
        <pin num="2" name="Pin_2" type="passive"/>
        <pin num="3" name="Pin_3" type="passive"/>
        <pin num="4" name="Pin_4" type="passive"/>
      </pins>
    </libpart>
    <libpart lib="Connector" part="TestPoint">
      <description>test point</description>
      <docs>~</docs>
      <footprints>
        <fp>Pin*</fp>
        <fp>Test*</fp>
      </footprints>
      <fields>
        <field name="Reference">TP</field>
        <field name="Value">TestPoint</field>
        <field name="Datasheet">~</field>
      </fields>
      <pins>
        <pin num="1" name="1" type="passive"/>
      </pins>
    </libpart>
    <libpart lib="Device" part="Battery">
      <description>Multiple-cell battery</description>
      <docs>~</docs>
      <fields>
        <field name="Reference">BT</field>
        <field name="Value">Battery</field>
        <field name="Datasheet">~</field>
      </fields>
      <pins>
        <pin num="1" name="+" type="passive"/>
        <pin num="2" name="-" type="passive"/>
      </pins>
    </libpart>
    <libpart lib="Device" part="C">
      <description>Unpolarized capacitor</description>
      <docs>~</docs>
      <footprints>
        <fp>C_*</fp>
      </footprints>
      <fields>
        <field name="Reference">C</field>
        <field name="Value">C</field>
        <field name="Datasheet">~</field>
      </fields>
      <pins>
        <pin num="1" name="" type="passive"/>
        <pin num="2" name="" type="passive"/>
      </pins>
    </libpart>
    <libpart lib="Device" part="LED">
      <description>Light emitting diode</description>
      <docs>~</docs>
      <footprints>
        <fp>LED*</fp>
        <fp>LED_SMD:*</fp>
        <fp>LED_THT:*</fp>
      </footprints>
      <fields>
        <field name="Reference">D</field>
        <field name="Value">LED</field>
        <field name="Datasheet">~</field>
      </fields>
      <pins>
        <pin num="1" name="K" type="passive"/>
        <pin num="2" name="A" type="passive"/>
      </pins>
    </libpart>
    <libpart lib="Device" part="R_Small_US">
      <description>Resistor, small US symbol</description>
      <docs>~</docs>
      <footprints>
        <fp>R_*</fp>
      </footprints>
      <fields>
        <field name="Reference">R</field>
        <field name="Value">R_Small_US</field>
        <field name="Datasheet">~</field>
      </fields>
      <pins>
        <pin num="1" name="" type="passive"/>
        <pin num="2" name="" type="passive"/>
      </pins>
    </libpart>
    <libpart lib="Diode" part="1N4151">
      <description>75V 0.5A standard switching diode, DO-35</description>
      <docs>http://www.microsemi.com/document-portal/doc_view/11580-lds-0239</docs>
      <footprints>
        <fp>D*DO?35*</fp>
      </footprints>
      <fields>
        <field name="Reference">D</field>
        <field name="Value">1N4151</field>
        <field name="Footprint">Diode_THT:D_DO-35_SOD27_P7.62mm_Horizontal</field>
        <field name="Datasheet">http://www.microsemi.com/document-portal/doc_view/11580-lds-0239</field>
        <field name="Sim.Device">D</field>
        <field name="Sim.Pins">1=K 2=A</field>
      </fields>
      <pins>
        <pin num="1" name="K" type="passive"/>
        <pin num="2" name="A" type="passive"/>
      </pins>
    </libpart>
    <libpart lib="FS8205A" part="FS8205A">
      <fields>
        <field name="Reference">U</field>
      </fields>
      <pins>
        <pin num="1" name="S1" type="input"/>
        <pin num="2" name="D12" type="passive"/>
        <pin num="3" name="S2" type="input"/>
        <pin num="4" name="G2" type="output"/>
        <pin num="5" name="D12" type="passive"/>
        <pin num="6" name="G1" type="output"/>
      </pins>
    </libpart>
    <libpart lib="Reference_Voltage" part="TL431D">
      <description>Shunt Regulator, SO-8</description>
      <docs>http://www.ti.com/lit/ds/symlink/tl431.pdf</docs>
      <footprints>
        <fp>SOIC?8*3.9x4.9mm*P1.27mm*</fp>
      </footprints>
      <fields>
        <field name="Reference">U</field>
        <field name="Value">TL431D</field>
        <field name="Footprint">Package_SO:SOIC-8_3.9x4.9mm_P1.27mm</field>
        <field name="Datasheet">http://www.ti.com/lit/ds/symlink/tl431.pdf</field>
      </fields>
      <pins>
        <pin num="1" name="K" type="passive"/>
        <pin num="2" name="A" type="passive"/>
        <pin num="3" name="A" type="passive"/>
        <pin num="6" name="A" type="passive"/>
        <pin num="7" name="A" type="passive"/>
        <pin num="8" name="REF" type="passive"/>
      </pins>
    </libpart>
    <libpart lib="Regulator_Linear" part="AMS1117-1.8">
      <description>1A Low Dropout regulator, positive, 1.8V fixed output, SOT-223</description>
      <docs>http://www.advanced-monolithic.com/pdf/ds1117.pdf</docs>
      <footprints>
        <fp>SOT?223*TabPin2*</fp>
      </footprints>
      <fields>
        <field name="Reference">U</field>
        <field name="Value">AMS1117-1.8</field>
        <field name="Footprint">Package_TO_SOT_SMD:SOT-223-3_TabPin2</field>
        <field name="Datasheet">http://www.advanced-monolithic.com/pdf/ds1117.pdf</field>
      </fields>
      <pins>
        <pin num="1" name="GND" type="power_in"/>
        <pin num="2" name="VO" type="power_out"/>
        <pin num="3" name="VI" type="power_in"/>
      </pins>
    </libpart>
    <libpart lib="Regulator_Linear" part="AMS1117-3.3">
      <description>1A Low Dropout regulator, positive, 3.3V fixed output, SOT-223</description>
      <docs>http://www.advanced-monolithic.com/pdf/ds1117.pdf</docs>
      <footprints>
        <fp>SOT?223*TabPin2*</fp>
      </footprints>
      <fields>
        <field name="Reference">U</field>
        <field name="Value">AMS1117-3.3</field>
        <field name="Footprint">Package_TO_SOT_SMD:SOT-223-3_TabPin2</field>
        <field name="Datasheet">http://www.advanced-monolithic.com/pdf/ds1117.pdf</field>
      </fields>
      <pins>
        <pin num="1" name="GND" type="power_in"/>
        <pin num="2" name="VO" type="power_out"/>
        <pin num="3" name="VI" type="power_in"/>
      </pins>
    </libpart>
    <libpart lib="TP4056A" part="TP4056A">
      <fields>
        <field name="Reference">U1</field>
      </fields>
      <pins>
        <pin num="1" name="TEMP1" type="input"/>
        <pin num="2" name="PROG" type="passive"/>
        <pin num="3" name="GND" type="input"/>
        <pin num="4" name="Vcc" type="input"/>
        <pin num="5" name="BAT" type="input"/>
        <pin num="6" name="STDY" type="output"/>
        <pin num="7" name="CHRG" type="output"/>
        <pin num="8" name="CE" type="input"/>
      </pins>
    </libpart>
    <libpart lib="Transistor_FET" part="FQP27P06">
      <description>-27A Id, -60V Vds, QFET P-Channel MOSFET, TO-220</description>
      <docs>https://www.onsemi.com/pub/Collateral/FQP27P06-D.PDF</docs>
      <footprints>
        <fp>TO?220*</fp>
      </footprints>
      <fields>
        <field name="Reference">Q</field>
        <field name="Value">FQP27P06</field>
        <field name="Footprint">Package_TO_SOT_THT:TO-220-3_Vertical</field>
        <field name="Datasheet">https://www.onsemi.com/pub/Collateral/FQP27P06-D.PDF</field>
      </fields>
      <pins>
        <pin num="1" name="G" type="input"/>
        <pin num="2" name="D" type="passive"/>
        <pin num="3" name="S" type="passive"/>
      </pins>
    </libpart>
    <libpart lib="dw01a" part="DW01A">
      <fields>
        <field name="Reference">U2</field>
        <field name="Value">DW01A</field>
      </fields>
      <pins>
        <pin num="1" name="OD" type="passive"/>
        <pin num="2" name="CS" type="input"/>
        <pin num="3" name="OC" type="output"/>
        <pin num="4" name="TD" type="no_connect"/>
        <pin num="5" name="VCC" type="passive"/>
        <pin num="6" name="GND" type="output"/>
      </pins>
    </libpart>
  </libparts>
  <libraries>
    <library logical="Add_USB1">
      <uri>C:\Users\Nefthali Motonosi\OneDrive\Documents\KiCad\7.0\symbols\Add_USB1.kicad_sym</uri>
    </library>
    <library logical="Connector">
      <uri>C:\Program Files\KiCad\7.0\share\kicad\symbols\/Connector.kicad_sym</uri>
    </library>
    <library logical="Device">
      <uri>C:\Program Files\KiCad\7.0\share\kicad\symbols\/Device.kicad_sym</uri>
    </library>
    <library logical="Diode">
      <uri>C:\Program Files\KiCad\7.0\share\kicad\symbols\/Diode.kicad_sym</uri>
    </library>
    <library logical="FS8205A">
      <uri>C:\Users\Nefthali Motonosi\OneDrive\Documents\KiCad\7.0\symbols\FS8205A.kicad_sym</uri>
    </library>
    <library logical="Reference_Voltage">
      <uri>C:\Program Files\KiCad\7.0\share\kicad\symbols\/Reference_Voltage.kicad_sym</uri>
    </library>
    <library logical="Regulator_Linear">
      <uri>C:\Program Files\KiCad\7.0\share\kicad\symbols\/Regulator_Linear.kicad_sym</uri>
    </library>
    <library logical="TP4056A">
      <uri>C:\Users\Nefthali Motonosi\OneDrive\Documents\KiCad\7.0\symbols\TP4056A.kicad_sym</uri>
    </library>
    <library logical="Transistor_FET">
      <uri>C:\Program Files\KiCad\7.0\share\kicad\symbols\/Transistor_FET.kicad_sym</uri>
    </library>
    <library logical="dw01a">
      <uri>C:\Users\Nefthali Motonosi\Downloads\Power design prop/dw01a.lib</uri>
    </library>
  </libraries>
  <nets>
    <net code="1" name="/BAT+">
      <node ref="D1" pin="1" pinfunction="K" pintype="passive"/>
      <node ref="J1" pin="3" pinfunction="Pin_3" pintype="passive"/>
      <node ref="LI-Ion_BAT1" pin="1" pinfunction="+" pintype="passive"/>
      <node ref="Q1" pin="2" pinfunction="D" pintype="passive"/>
      <node ref="R7" pin="1" pintype="passive"/>
      <node ref="R8" pin="1" pintype="passive"/>
      <node ref="TP4" pin="1" pinfunction="1" pintype="passive"/>
    </net>
    <net code="2" name="/OD">
      <node ref="U2" pin="1" pinfunction="OD" pintype="passive"/>
      <node ref="U3" pin="4" pinfunction="G2" pintype="output"/>
    </net>
    <net code="3" name="/V+">
      <node ref="J3" pin="1" pinfunction="Pin_1" pintype="passive"/>
    </net>
    <net code="4" name="/V1+">
      <node ref="C4" pin="1" pintype="passive"/>
      <node ref="C5" pin="1" pintype="passive"/>
      <node ref="Q1" pin="3" pinfunction="S" pintype="passive"/>
      <node ref="TP3" pin="1" pinfunction="1" pintype="passive"/>
      <node ref="U4" pin="3" pinfunction="VI" pintype="power_in"/>
      <node ref="U6" pin="3" pinfunction="VI" pintype="power_in"/>
    </net>
    <net code="5" name="/VDD_1.8V">
      <node ref="C8" pin="1" pintype="passive"/>
      <node ref="TP2" pin="1" pinfunction="1" pintype="passive"/>
      <node ref="U7" pin="2" pinfunction="VO" pintype="power_out"/>
    </net>
    <net code="6" name="/VDD_3.3V">
      <node ref="C2" pin="1" pintype="passive"/>
      <node ref="R6" pin="1" pintype="passive"/>
      <node ref="TP1" pin="1" pinfunction="1" pintype="passive"/>
      <node ref="U4" pin="2" pinfunction="VO" pintype="power_out"/>
    </net>
    <net code="7" name="/Vout_1.8V">
      <node ref="J3" pin="2" pinfunction="Pin_2" pintype="passive"/>
    </net>
    <net code="8" name="/Vout_3.3V">
      <node ref="J3" pin="3" pinfunction="Pin_3" pintype="passive"/>
    </net>
    <net code="9" name="GND">
      <node ref="C1" pin="2" pintype="passive"/>
      <node ref="C2" pin="2" pintype="passive"/>
      <node ref="C3" pin="2" pintype="passive"/>
      <node ref="C4" pin="2" pintype="passive"/>
      <node ref="C5" pin="2" pintype="passive"/>
      <node ref="C6" pin="2" pintype="passive"/>
      <node ref="C7" pin="2" pintype="passive"/>
      <node ref="C8" pin="2" pintype="passive"/>
      <node ref="D2" pin="1" pinfunction="K" pintype="passive"/>
      <node ref="J1" pin="2" pinfunction="Pin_2" pintype="passive"/>
      <node ref="J1" pin="4" pinfunction="Pin_4" pintype="passive"/>
      <node ref="J2" pin="5" pinfunction="GND" pintype="power_out"/>
      <node ref="J2" pin="6" pinfunction="SH1" pintype="passive"/>
      <node ref="J2" pin="7" pinfunction="SH2" pintype="passive"/>
      <node ref="J2" pin="8" pinfunction="SH3" pintype="passive"/>
      <node ref="J2" pin="9" pinfunction="SH4" pintype="passive"/>
      <node ref="LI-Ion_BAT1" pin="2" pinfunction="-" pintype="passive"/>
      <node ref="R1" pin="2" pintype="passive"/>
      <node ref="R3" pin="2" pintype="passive"/>
      <node ref="R7" pin="2" pintype="passive"/>
      <node ref="R9" pin="1" pintype="passive"/>
      <node ref="R9" pin="2" pintype="passive"/>
      <node ref="TP6" pin="1" pinfunction="1" pintype="passive"/>
      <node ref="U1" pin="1" pinfunction="TEMP1" pintype="input"/>
      <node ref="U1" pin="3" pinfunction="GND" pintype="input"/>
      <node ref="U2" pin="6" pinfunction="GND" pintype="output"/>
      <node ref="U3" pin="1" pinfunction="S1" pintype="input"/>
      <node ref="U3" pin="3" pinfunction="S2" pintype="input"/>
      <node ref="U4" pin="1" pinfunction="GND" pintype="power_in"/>
      <node ref="U5" pin="2" pinfunction="A" pintype="passive"/>
      <node ref="U5" pin="3" pinfunction="A" pintype="passive"/>
      <node ref="U5" pin="6" pinfunction="A" pintype="passive"/>
      <node ref="U5" pin="7" pinfunction="A" pintype="passive"/>
      <node ref="U5" pin="8" pinfunction="REF" pintype="passive"/>
      <node ref="U6" pin="1" pinfunction="GND" pintype="power_in"/>
      <node ref="U7" pin="1" pinfunction="GND" pintype="power_in"/>
    </net>
    <net code="10" name="Net-(D1-A)">
      <node ref="C3" pin="1" pintype="passive"/>
      <node ref="D1" pin="2" pinfunction="A" pintype="passive"/>
      <node ref="R2" pin="2" pintype="passive"/>
      <node ref="U1" pin="5" pinfunction="BAT" pintype="input"/>
    </net>
    <net code="11" name="Net-(D2-A)">
      <node ref="D2" pin="2" pinfunction="A" pintype="passive"/>
      <node ref="R6" pin="2" pintype="passive"/>
    </net>
    <net code="12" name="Net-(LED-Green1-K)">
      <node ref="LED-Green1" pin="1" pinfunction="K" pintype="passive"/>
      <node ref="R5" pin="2" pintype="passive"/>
    </net>
    <net code="13" name="Net-(LED-Red1-K)">
      <node ref="LED-Red1" pin="1" pinfunction="K" pintype="passive"/>
      <node ref="R4" pin="2" pintype="passive"/>
    </net>
    <net code="14" name="Net-(Q1-G)">
      <node ref="Q1" pin="1" pinfunction="G" pintype="input"/>
      <node ref="R8" pin="2" pintype="passive"/>
      <node ref="U5" pin="1" pinfunction="K" pintype="passive"/>
    </net>
    <net code="15" name="Net-(U1-CHRG)">
      <node ref="R4" pin="1" pintype="passive"/>
      <node ref="U1" pin="7" pinfunction="CHRG" pintype="output"/>
    </net>
    <net code="16" name="Net-(U1-PROG)">
      <node ref="R1" pin="1" pintype="passive"/>
      <node ref="U1" pin="2" pinfunction="PROG" pintype="passive"/>
    </net>
    <net code="17" name="Net-(U1-STDY)">
      <node ref="R5" pin="1" pintype="passive"/>
      <node ref="U1" pin="6" pinfunction="STDY" pintype="output"/>
    </net>
    <net code="18" name="Net-(U2-CS)">
      <node ref="R3" pin="1" pintype="passive"/>
      <node ref="U2" pin="2" pinfunction="CS" pintype="input"/>
    </net>
    <net code="19" name="Net-(U2-OC)">
      <node ref="U2" pin="3" pinfunction="OC" pintype="output"/>
      <node ref="U3" pin="6" pinfunction="G1" pintype="output"/>
    </net>
    <net code="20" name="Net-(U2-VCC)">
      <node ref="R2" pin="1" pintype="passive"/>
      <node ref="U2" pin="5" pinfunction="VCC" pintype="passive"/>
    </net>
    <net code="21" name="Net-(U6-VO)">
      <node ref="C6" pin="1" pintype="passive"/>
      <node ref="C7" pin="1" pintype="passive"/>
      <node ref="TP7" pin="1" pinfunction="1" pintype="passive"/>
      <node ref="U6" pin="2" pinfunction="VO" pintype="power_out"/>
      <node ref="U7" pin="3" pinfunction="VI" pintype="power_in"/>
    </net>
    <net code="22" name="USB+">
      <node ref="J2" pin="3" pinfunction="D+" pintype="bidirectional"/>
    </net>
    <net code="23" name="USB-">
      <node ref="J2" pin="2" pinfunction="D-" pintype="bidirectional"/>
    </net>
    <net code="24" name="VCC">
      <node ref="C1" pin="1" pintype="passive"/>
      <node ref="J1" pin="1" pinfunction="Pin_1" pintype="passive"/>
      <node ref="J2" pin="1" pinfunction="VBUS" pintype="power_out"/>
      <node ref="LED-Green1" pin="2" pinfunction="A" pintype="passive"/>
      <node ref="LED-Red1" pin="2" pinfunction="A" pintype="passive"/>
      <node ref="TP5" pin="1" pinfunction="1" pintype="passive"/>
      <node ref="U1" pin="4" pinfunction="Vcc" pintype="input"/>
      <node ref="U1" pin="8" pinfunction="CE" pintype="input"/>
    </net>
    <net code="25" name="unconnected-(J2-ID-Pad4)">
      <node ref="J2" pin="4" pinfunction="ID" pintype="passive+no_connect"/>
    </net>
    <net code="26" name="unconnected-(U2-TD-Pad4)">
      <node ref="U2" pin="4" pinfunction="TD" pintype="no_connect"/>
    </net>
    <net code="27" name="unconnected-(U3-D12-Pad2)">
      <node ref="U3" pin="2" pinfunction="D12" pintype="passive+no_connect"/>
    </net>
    <net code="28" name="unconnected-(U3-D12-Pad5)">
      <node ref="U3" pin="5" pinfunction="D12" pintype="passive+no_connect"/>
    </net>
  </nets>
</export>
